[
  {
    "_id": "5ee887de652a4f1b907a456a",
    "picture": "https://api.adorable.io/avatars/64/berta.hobbs@irackbank.com.png",
    "name": {
      "first": "Berta",
      "last": "Hobbs"
    },
    "company": "Irack Bank",
    "email": "berta.hobbs@irackbank.com",
    "phone": "+1 (823) 439-3547",
    "groups": [
      "Local Banks for Letters of Credit",
      "SEA",
      "XFT"
    ]
  },
  {
    "_id": "5ee887de653704b4af63245b",
    "picture": "https://api.adorable.io/avatars/64/deanne.moody@xelegyl.ca.png",
    "name": {
      "first": "Deanne",
      "last": "Moody"
    },
    "company": "Xelegyl Financial",
    "email": "deanne.moody@xelegyl.ca",
    "phone": "+1 (919) 600-3554",
    "groups": [
      "Local Banks for Letters of Credit",
      "Personal"
    ]
  },
  {
    "_id": "5ee887def9d2b34bb1591099",
    "picture": "https://api.adorable.io/avatars/64/della.hodges@inear.co.uk.png",
    "name": {
      "first": "Della",
      "last": "Hodges"
    },
    "company": "INEAR Financial Services",
    "email": "della.hodges@inear.co.uk",
    "phone": "+1 (991) 444-3108",
    "groups": [
      "Personal"
    ]
  },
  {
    "_id": "5ee887dec8545a7d2db2ed36",
    "picture": "https://api.adorable.io/avatars/64/trisha.baxter@nurplex.us.png",
    "name": {
      "first": "Trisha",
      "last": "Baxter"
    },
    "company": "NURPLEX Holdings",
    "email": "trisha.baxter@nurplex.us",
    "phone": "+1 (902) 415-3555"
  },
  {
    "_id": "5ee887de6ea3cca41e9f25e2",
    "picture": "https://api.adorable.io/avatars/64/joyner.summers@daisu.io.png",
    "name": {
      "first": "Joyner",
      "last": "Summers"
    },
    "company": "DAISU Bank Inc.",
    "email": "joyner.summers@daisu.io",
    "phone": "+1 (986) 432-2038",
    "groups": [
      "Personal",
      "SEA"
    ]
  },
  {
    "_id": "5ee887dee59f7a4fde2bb0e8",
    "picture": "https://api.adorable.io/avatars/64/luna.knight@fangold.net.png",
    "name": {
      "first": "Luna",
      "last": "Knight"
    },
    "company": "FANGOLD Financial",
    "email": "luna.knight@fangold.net",
    "phone": "+1 (865) 460-3783",
    "groups": [
      "Local Banks for Letters of Credit"
    ]
  },
  {
    "_id": "5ee887de3496debf296b8f9b",
    "picture": "https://api.adorable.io/avatars/64/burks.vaughan@rockyard.com",
    "name": {
      "first": "Burks",
      "last": "Vaughan"
    },
    "company": "ROCKYARD",
    "email": "burks.vaughan@rockyard.com",
    "phone": "+1 (925) 468-2499",
    "groups": [
      "Personal",
      "Local Banks for Letters of Credit"
    ]
  },
  {
    "_id": "5ee887de89f85f09ded7716b",
    "picture": "https://api.adorable.io/avatars/64/naomi.zamora@virva.info.png",
    "name": {
      "first": "Naomi",
      "last": "Zamora"
    },
    "company": "Vivra Bank",
    "email": "naomi.zamora@virva.info",
    "phone": "+1 (980) 482-3097",
    "groups": [
      "Personal",
      "SEA"
    ]
  },
  {
    "_id": "5ee887ded1dc5bb554d62031",
    "picture": "https://api.adorable.io/avatars/64/yates.francis@genmy.fr.png",
    "name": {
      "first": "Yates",
      "last": "Francis"
    },
    "company": "Genmy Fincancial",
    "email": "yates.francis@genmy.fr",
    "phone": "+1 (960) 497-2908"
  },
  {
    "_id": "5ee887de79bb5eec0dd7c596",
    "picture": "https://api.adorable.io/avatars/64/dickerson.pope@cowtown.biz.png",
    "name": {
      "first": "Dickerson",
      "last": "Pope"
    },
    "company": "Cowtown Bank",
    "email": "dickerson.pope@cowtown.biz",
    "phone": "+1 (891) 497-3759",
    "groups": [
      "SEA"
    ]
  },
  {
    "_id": "5ee887de38926957bc5820e9",
    "picture": "https://api.adorable.io/avatars/64/dianne.brooks@zboo.com.png",
    "name": {
      "first": "Dianne",
      "last": "Brooks"
    },
    "company": "ZBOO",
    "email": "dianne.brooks@zboo.com",
    "phone": "+1 (807) 552-2400",
    "groups": [
      "SEA"
    ]
  },
  {
    "_id": "5ee887de858fae04d843370f",
    "picture": "https://api.adorable.io/avatars/64/pugh.carr@importance.fr.png",
    "name": {
      "first": "Pugh",
      "last": "Carr"
    },
    "company": "Crédit Importance",
    "email": "pugh.carr@importance.fr",
    "phone": "+1 (905) 549-2463",
    "groups": [
      "SEA",
      "Local Banks for Letters of Credit"
    ]
  },
  {
    "_id": "5ee887dee4f5ef9de213ce04",
    "picture": "https://api.adorable.io/avatars/64/eigh.herrera@sequitur.es.png",
    "name": {
      "first": "Leigh",
      "last": "Herrera"
    },
    "company": "SEQUITUR",
    "email": "leigh.herrera@sequitur.es",
    "phone": "+1 (963) 534-3580"
  },
  {
    "_id": "5ee887dea2c8d89d188e6fa0",
    "picture": "https://api.adorable.io/avatars/64/rosella.meadows@parcoe.ca.png",
    "name": {
      "first": "Rosella",
      "last": "Meadows"
    },
    "company": "PARCOE Bank",
    "email": "rosella.meadows@parcoe.ca",
    "phone": "+1 (844) 570-3834",
    "groups": [
      "Local Banks for Letters of Credit"
    ]
  },
  {
    "_id": "5ee887de3018d82b0b2ef4a7",
    "picture": "https://api.adorable.io/avatars/64/nannie.mcgee@enthaze.co.uk.png",
    "name": {
      "first": "Nannie",
      "last": "McGee"
    },
    "company": "ENTHAZE BANK",
    "email": "nannie.mcgee@enthaze.co.uk",
    "phone": "+1 (816) 508-3303",
    "groups": [
      "Local Banks for Letters of Credit"
    ]
  },
  {
    "_id": "5ee887de7d5a69135c2e20ac",
    "picture": "https://api.adorable.io/avatars/64/chavez.castaneda@cytrek.us.png",
    "name": {
      "first": "Chavez",
      "last": "Castaneda"
    },
    "company": "CYTREK Financial",
    "email": "chavez.castaneda@cytrek.us",
    "phone": "+1 (988) 486-2100"
  },
  {
    "_id": "5ee887de297dd307cd93df7b",
    "picture": "https://api.adorable.io/avatars/64/rae.beasley@grandspire.io.png",
    "name": {
      "first": "Rae",
      "last": "Beasley"
    },
    "company": "Grand Spire Banks",
    "email": "rae.beasley@grandspire.io",
    "phone": "+1 (909) 444-2203"
  },
  {
    "_id": "5ee887de59a03876a4ee35ec",
    "picture": "https://api.adorable.io/avatars/64/fabien.manaudou@banquego.be.png",
    "name": {
      "first": "Fabien",
      "last": "Manaudou"
    },
    "company": "Banque Garde d'Or",
    "email": "fabien.manaudou@banquego.be",
    "phone": "+1 (857) 432-3638",
    "groups": [
      "XFT"
    ]
  },
  {
    "_id": "5ee887de33666b8c66193be8",
    "picture": "https://api.adorable.io/avatars/64/mcclain.dixon@aegisfs.com.png",
    "name": {
      "first": "Dixon",
      "last": "McClain"
    },
    "company": "Aegis Financial Services",
    "email": "dixon.mcclain@aegisfs.com",
    "phone": "+1 (941) 480-2077"
  }
]